Gene Name,Phosphorylated Amino Acid,IPI 3.68 Position in Protein,15sec,30sec,1min,2min,5min,10min,20min,60min
Akt2,T,309,4.05,4.26,3.14,3.54,3.38,2.88,4.24,4.23
Akt1,S,473,0.09,3.55,4.27,3.11,3.76,6.13,7.28,4.61
Araf,S,186,0.75,0.25,0.27,1.07,3.2,4.36,3.91,3.86
Araf,T,181,0.82,0.25,0.38,1.01,3.69,4.36,4.46,4.09
As160,S,324,1.09,2.37,2.69,2.95,2.82,2.96,3.03,3.01
As160,S,348,0.29,0.44,0.96,1.41,1.73,2.05,1.94,2.01
As160,S,595,1.11,2.67,3.89,4.1,4.18,4.32,4.12,3.97
As160,T,649,1.95,2.47,3.77,3.46,2.6,2.79,1.82,2.73
Braf,S,135,-0.21,-0.16,-0.08,0.26,1.56,1.66,1.79,1.56
Bad,S,112,0.18,-0.01,-0.13,0,0.83,1.44,1.61,1.6
Bad,S,136,0.25,0.67,1.1,1.48,1.33,1.33,1.45,1.33
Brf1,S,92,0.34,1.7,2,2.21,2.28,2.69,2.94,3.1
Cables1,S,272,1.38,2.53,3.37,3.29,3.64,3.83,3.35,3.22
Cables1,S,203,2.95,2.6,2.72,3.17,3.19,2.76,2.84,4.1
Craf,S,662,-0.17,-0.18,-0.51,-0.34,2.14,3.15,3.58,3.28
Craf,S,321,-0.57,-0.53,-0.2,-0.25,0.82,1.27,0.45,0.82
Craf,S,29,-0.03,-0.67,0.21,2.6,6.12,6,5.64,4.88
Depdc6,S,293,0.65,0.15,0.5,0.51,1.42,2.01,0.68,1.65
Depdc6,S,265,0.01,-0.14,-0.15,0.15,0.46,0.8,1.15,1.72
Edc3,S,161,0.18,0.4,0.67,0.82,0.82,0.9,1.3,0.93
Edc3,S,131,0.04,-0.06,-0.07,0.01,0.31,0.61,1.09,1.42
Ei24,S,65,0.83,3.88,4.36,4.24,3.73,3.55,4.25,3.79
Eif4b,S,422,0.23,0.27,0.71,1.62,2.35,2.78,2.84,2.51
Eif4b,T,420,-0.36,0.14,0.52,0.69,2.41,1.75,3.06,3.66
Eif4ebp1,S,64,-0.08,-0.05,0.11,0.34,1.14,1.34,1.25,1.5
Eif4ebp1,T,36,0.05,-0.07,-0.02,0.2,0.18,0.26,0.23,0.34
Eif4ebp1,T,45,-0.03,-0.04,-0.25,0.07,0.22,0.08,0.23,0.32
Ecnos,S,1176,1.94,2.89,3.56,4.52,4.52,2.87,2.47,2.79
Erk1,T,203,-0.03,-0.13,0.16,3.69,4.78,4.13,4.79,4.41
Erk1,Y,205,0.48,0.36,1.38,3.37,3.62,4.04,3.75,3.93
Erk2,Y,185,0.12,0.06,1.95,3.57,4.35,3.98,3.41,4.39
Erk2,T,183,0.29,-2.48,0.5,4.05,5.61,3.72,3.57,4.4
Foxo1,S,316,1.43,2.17,2.28,2.56,2.23,1.9,1.96,1.67
Fkhr2,S,252,1.88,2.72,3.38,4.11,3.65,3.34,3.22,3.43
Grb10,S,503,-0.74,-0.1,-0.01,0.09,1.49,1.82,2.49,2.26
Gsk3a,S,21,1.08,1.8,2.05,1.99,1.93,1.99,1.79,2.04
Gsk3b,S,9,2.05,2.05,2.65,2.54,2.27,2.27,1.43,2.46
Gys,S,641,0.17,0.22,0.14,-0.3,-1.37,-1.99,-1.55,0.32
Gys,S,649,0.08,-0.08,0.19,-0.2,-0.22,-2.34,-1.95,0.21
Hsf1,S,303,-0.25,-0.23,0.03,-0.05,-1.07,-1.28,-1.62,-1.32
Hsf1,S,307,0.11,-0.01,-0.03,-0.01,0.53,0.63,0.68,0.48
Hsf1,S,326,0.23,0.22,-0.1,-0.24,0.56,1.47,1.97,2.25
Lipe,S,602,-0.09,-0.04,-0.04,-0.04,-0.28,-0.48,-0.53,-0.51
Lipe,S,694,-0.07,-0.15,-0.86,-1.54,-2.35,-2.48,-2.3,-2.7
Insr,Y,1175,3.13,3.89,3.75,4.11,3.56,3.59,3.78,4
Insr,Y,1179,4.4,2.81,4.6,3.81,3.56,3.97,3.12,3.74
Insr,Y,1180,3.34,3.76,4.6,3.76,3.31,3.97,3.12,3.71
Irs1,S,522,3.25,3.7,4.28,4.05,3.63,3.93,3.77,2.87
Irs1,Y,460,4.36,2.72,2.54,1.65,1.44,3.01,2.89,2.42
Irs1,Y,891,4.31,2.68,3.45,3.32,4.45,3.92,3.61,5.22
Irs1,Y,608,0.68,1.58,1.83,1.64,1.27,1.44,1.52,0.74
Irs1,Y,1171,5.18,3.51,3.59,4.24,3.8,2.99,2.71,4.57
Maf1,S,60,-0.54,0.03,-0.93,0.66,2.46,2.74,2.85,2.2
Maf1,S,68,-0.42,0.22,0.18,0.66,2.46,2.33,2.49,2.64
Map2k2,S,293,-0.12,-0.16,0.03,0.12,0.26,0.61,0.83,0.93
Map3k3,S,166,-0.53,-0.1,1.95,1.18,2,1.89,1.73,2.09
Map3k3,S,337,0.3,-0.27,-0.65,0.58,2.79,3.77,4.02,3.95
Msk1,S,375,0.33,0.18,-0.4,0.76,2.77,2.26,3.23,2.42
Frap,S,2481,0.18,0.06,-0.15,0.37,1.02,0.88,1,1.06
Frap,S,2448,0.06,0.08,0.37,0.85,1.25,2.18,2.39,1.94
Ndr1,S,330,-0.32,-2.37,0.44,2.75,3.12,1.92,2.83,1.85
Ndr1,T,366,0.55,0.81,0.63,1.7,2.26,2.75,2.95,2.78
Ndr1,T,346,-0.05,1.5,1.59,4.29,4.7,5.33,5.82,5.2
Kiaa1248,T,330,-1.76,-0.26,-1.88,-0.67,-0.2,0.1,1.14,0.69
Kiaa1248,T,348,0.05,0.52,1.46,1.62,1.95,1.83,1.74,2.02
Ndr3,S,331,0.5,1.19,1.64,2,2.14,2.05,2.25,2.12
mCG_5513,T,333,1.29,1.64,3.99,4.24,4.44,4.79,3.54,4.75
Nhe1,S,707,0.44,0.84,1.85,3.49,4.12,3.85,3.46,3.23
Nhe1,Y,687,1.25,2.75,3.6,2.53,2.44,2.6,3.36,3.25
Numa1,T,1982,-0.58,-0.62,-0.51,-0.8,0.37,1.6,3.86,3.22
Rps6kb1,S,447,0.66,0.5,0,0.22,0.87,3.37,3.26,2.72
Rps6kb1,T,444,0.58,0.57,0.41,0.94,3.81,2.62,3.01,2.57
Rps6ka1,S,363,-0.9,-0.34,0.14,1.06,3.53,3.2,1.84,1.15
Patl1,S,184,0.13,0.03,-0.2,0.55,1.94,1.81,2.01,1.95
Patl1,T,194,0.47,0.13,0.09,0.4,1.85,1.95,2.17,2.32
Pcbp1,S,264,-0.44,-0.61,-0.62,-0.05,1.1,1.99,2.35,2.34
Pde3b,S,311,-0.29,0.03,1.01,1.21,2.19,2.19,2.36,3.5
Pfkfb2,S,486,1.1,1.96,2.51,2.33,2.64,2.97,3,3.08
Pfkfb2,S,469,-0.61,2.35,2.1,2.83,2.98,2.37,3.16,2.33
Pkaca,T,198,-0.02,0.01,0.03,0.07,-0.17,-0.02,0.03,0
Peri,S,492,0.73,0.06,0.2,-0.54,0.14,-0.17,-0.35,-1.03
Akt1s1,S,255,-0.01,0.16,0.55,1.15,1.67,1.34,1.36,1.52
Akt1s1,T,318,1.78,2.91,3.57,3.81,3.65,3.56,3.61,3.63
Raptor,S,863,0.14,0.07,0.32,0.54,1.27,1.55,1.48,1.42
Raptor,S,877,-0.2,-0.2,-0.1,-0.05,-0.11,0.12,0.16,0.37
Kiaa1999,S,1478,0.26,0.51,0.97,1.7,2.84,3.26,3.96,4.81
Rps6,S,240,0.03,-0.12,-0.03,-0.06,2.72,4.07,3.84,3.37
Rps6,S,236,0.25,0.1,-0.11,-0.05,2.72,3.98,3.84,3.37
Mapkap1,T,86,4.09,4.46,4.85,4.91,4.28,4.61,4.17,4.56
Sos1,S,1164,-0.6,-0.09,-0.43,-0.57,1.36,2.47,2.74,2.66
Sos1,S,1179,1.25,0.74,1.55,2.23,2.53,3.07,3.56,3.25
Sos1,S,1147,0.19,0.23,0.08,1.02,1.1,2.38,2.71,3.72
Sos1,S,1183,0.16,0.74,1.55,2.23,2.53,3.07,3.56,2.92
Map3k7,S,439,0.14,0.18,0.26,-0.03,-0.16,-0.28,-0.46,-0.47
Tsc2,S,981,0.64,1.7,2.19,2.55,2.14,2.07,2.17,2.04
Tsc2,S,939,0.85,1.57,2.08,1.9,1.82,2.03,2.02,1.94
Tsc2,T,1466,1.15,2.85,2.25,2.46,2.26,2.07,3.23,3.06
Ulk1,S,549,-0.4,-0.26,0,1.39,1.98,2.94,2.67,3.29
Ulk1,S,450,0.05,-0.16,-0.13,0.53,1.38,1.97,2.38,2.66
Ulk1,S,763,1.2,-0.13,-0.86,0.69,0.86,0.73,1.09,3.73
Kiaa0623,S,772,0.55,-0.06,0.04,0.83,1.11,1.61,1.54,1.46
Kiaa0623,S,781,0.55,-0.03,0.01,0.68,1.18,1.6,1.54,1.46
Brf2,S,98,0.59,0.99,2.1,2.01,2.25,2.27,2.16,2.3